{"cameraMode":{"drawMode":0,"name":"Shaded","section":"Shading Mode"},"sceneLighting":false,"audioPlay":false,"sceneViewState":{"m_AlwaysRefresh":false,"showFog":true,"showSkybox":false,"showFlares":true,"showImageEffects":true,"showParticleSystems":true,"showVisualEffectGraphs":true,"m_FxEnabled":true},"in2DMode":false,"pivot":{"x":9.131434440612793,"y":0.036751750856637958,"z":13.207086563110352},"rotation":{"x":0.14738544821739198,"y":-0.08682078123092652,"z":0.012981928884983063,"w":0.9851870536804199},"size":0.7141428589820862,"orthographic":true}