{"cameraMode":{"drawMode":0,"name":"Shaded","section":"Shading Mode"},"sceneLighting":true,"audioPlay":true,"sceneViewState":{"m_AlwaysRefresh":false,"showFog":true,"showSkybox":true,"showFlares":true,"showImageEffects":true,"showParticleSystems":true,"showVisualEffectGraphs":true,"m_FxEnabled":true},"in2DMode":false,"pivot":{"x":3.6527161598205568,"y":0.6782039403915405,"z":6.083920478820801},"rotation":{"x":0.00964751560240984,"y":-0.9796929955482483,"z":0.04852863773703575,"w":0.19441135227680207},"size":2.36181902885437,"orthographic":true}